City_ID,City,Lat,Lng,Max Temp,Humidity,Cloudiness,Wind Speed,Country,Date
0,Bredasdorp,-34.5322,20.0403,62.28,76,100,16.96,ZA,2021-11-20 20:26:17
1,Isangel,-19.55,169.2667,77.11,94,75,0.0,VU,2021-11-20 20:26:18
2,Upernavik,72.7868,-56.1549,3.56,82,88,9.17,GL,2021-11-20 20:26:18
3,Kapaa,22.0752,-159.319,81.12,75,20,1.99,US,2021-11-20 20:26:18
4,Albany,42.6001,-73.9662,43.99,57,100,3.0,US,2021-11-20 20:24:21
5,Nikolskoye,59.7035,30.7861,37.29,81,16,9.71,RU,2021-11-20 20:26:19
6,Koygorodok,60.445,50.9968,25.97,96,100,6.82,RU,2021-11-20 20:26:19
7,Norman Wells,65.282,-126.8329,-2.16,78,20,2.3,CA,2021-11-20 20:26:19
8,Ushuaia,-54.8,-68.3,38.86,65,90,32.21,AR,2021-11-20 20:26:20
9,Bethel,41.3712,-73.414,45.72,47,96,1.99,US,2021-11-20 20:26:20
10,Khatanga,71.9667,102.5,-23.08,100,100,5.79,RU,2021-11-20 20:26:20
11,Harper,4.375,-7.7169,80.44,84,4,8.25,LR,2021-11-20 20:26:21
12,Busselton,-33.65,115.3333,57.04,68,88,8.68,AU,2021-11-20 20:26:21
13,Mataura,-46.1927,168.8643,54.48,93,100,4.23,NZ,2021-11-20 20:26:21
14,Rikitea,-23.1203,-134.9692,73.38,63,97,7.2,PF,2021-11-20 20:23:28
15,Tuktoyaktuk,69.4541,-133.0374,-9.4,84,75,4.61,CA,2021-11-20 20:26:22
16,Bluff,-46.6,168.3333,53.78,89,100,6.08,NZ,2021-11-20 20:26:22
17,Cape Town,-33.9258,18.4232,68.11,61,20,11.5,ZA,2021-11-20 20:26:23
18,Iqaluit,63.7506,-68.5145,10.13,78,90,18.01,CA,2021-11-20 20:25:01
19,Lompoc,34.6391,-120.4579,75.09,59,1,9.22,US,2021-11-20 20:25:20
20,Salalah,17.0151,54.0924,77.09,73,0,3.44,OM,2021-11-20 20:26:23
21,Khislavichi,54.1871,32.1582,38.66,71,96,17.87,RU,2021-11-20 20:26:24
22,Dengzhou,37.8086,120.7508,51.55,92,100,4.23,CN,2021-11-20 20:25:48
23,Puerto Ayora,-0.7393,-90.3518,78.76,73,38,10.78,EC,2021-11-20 20:26:24
24,Egvekinot,66.3167,-179.1667,-0.42,63,0,8.7,RU,2021-11-20 20:26:24
25,Port Lincoln,-34.7333,135.8667,53.76,73,11,12.68,AU,2021-11-20 20:26:25
26,Beringovskiy,63.05,179.3167,-2.13,95,40,7.85,RU,2021-11-20 20:26:25
27,Port Keats,-14.25,129.55,82.72,76,100,6.8,AU,2021-11-20 20:26:25
28,Kulhudhuffushi,6.6221,73.07,81.48,67,51,16.89,MV,2021-11-20 20:26:26
29,Kaabong,3.4836,34.1492,73.69,40,9,10.96,UG,2021-11-20 20:26:26
30,Fandriana,-20.2333,47.3833,64.58,84,50,0.36,MG,2021-11-20 20:26:26
31,Angren,41.0167,70.1436,40.26,25,0,7.4,UZ,2021-11-20 20:26:27
32,Thompson,55.7435,-97.8558,19.56,79,75,14.97,CA,2021-11-20 20:25:16
33,Lebu,-37.6167,-73.65,58.59,77,3,16.55,CL,2021-11-20 20:26:27
34,Kaitangata,-46.2817,169.8464,54.86,90,100,0.74,NZ,2021-11-20 20:26:27
35,Zhuanghe,39.7008,122.9911,38.21,85,100,6.42,CN,2021-11-20 20:26:28
36,San Cristobal,7.7669,-72.225,80.78,45,90,1.25,VE,2021-11-20 20:26:28
37,Muzhi,65.3667,64.6667,12.92,97,100,3.62,RU,2021-11-20 20:26:28
38,Cherskiy,68.75,161.3,-19.26,93,76,1.32,RU,2021-11-20 20:26:29
39,Tasiilaq,65.6145,-37.6368,28.56,96,100,15.66,GL,2021-11-20 20:26:29
40,Torbay,47.6666,-52.7314,39.67,85,20,5.75,CA,2021-11-20 20:26:29
41,Pisco,-13.7,-76.2167,69.85,73,0,12.66,PE,2021-11-20 20:26:30
42,Bonfim,3.0833,-59.95,89.74,50,86,1.05,BR,2021-11-20 20:26:30
43,Carbonia,39.1672,8.5222,54.01,88,0,2.37,IT,2021-11-20 20:26:30
44,Tumbes,-3.5667,-80.4414,80.2,78,75,10.36,PE,2021-11-20 20:26:31
45,Hobart,-42.8794,147.3294,54.1,92,20,8.05,AU,2021-11-20 20:26:31
46,Hithadhoo,-0.6,73.0833,80.82,81,100,17.22,MV,2021-11-20 20:26:31
47,Arraial Do Cabo,-22.9661,-42.0278,71.56,83,75,13.8,BR,2021-11-20 20:26:31
48,Qaanaaq,77.484,-69.3632,-6.07,69,0,6.76,GL,2021-11-20 20:26:32
49,New Norfolk,-42.7826,147.0587,53.74,85,12,1.01,AU,2021-11-20 20:27:32
50,Victoria,22.2855,114.1577,74.32,88,88,7.0,HK,2021-11-20 20:25:38
51,Port-Gentil,-0.7193,8.7815,78.76,94,40,4.61,GA,2021-11-20 20:27:33
52,Jamestown,42.097,-79.2353,44.19,46,1,8.01,US,2021-11-20 20:25:59
53,Hilo,19.7297,-155.09,82.13,71,20,6.91,US,2021-11-20 20:27:33
54,Port Alfred,-33.5906,26.891,64.35,73,100,16.11,ZA,2021-11-20 20:27:33
55,Patiya,22.2931,91.9762,64.74,82,7,4.27,BD,2021-11-20 20:27:34
56,Henties Bay,-22.116,14.2845,59.86,93,18,5.21,NA,2021-11-20 20:27:34
57,Douentza,14.9951,-2.9517,84.58,14,32,6.38,ML,2021-11-20 20:27:34
58,Yellowknife,62.456,-114.3525,0.41,90,20,11.5,CA,2021-11-20 20:27:35
59,Chumikan,54.7183,135.315,-0.02,85,1,12.91,RU,2021-11-20 20:27:35
60,Punta Arenas,-53.15,-70.9167,46.51,42,40,43.73,CL,2021-11-20 20:27:35
61,Ancud,-41.8697,-73.8203,65.43,76,66,11.81,CL,2021-11-20 20:27:36
62,Luderitz,-26.6481,15.1594,60.17,89,2,19.1,NA,2021-11-20 20:27:36
63,Malazgirt,39.1427,42.5401,36.9,99,100,1.9,TR,2021-11-20 20:27:36
64,Munsingen,48.4113,9.497,37.44,85,24,4.59,DE,2021-11-20 20:27:37
65,Mount Isa,-20.7333,139.5,80.37,61,6,6.91,AU,2021-11-20 20:27:37
66,Mar Del Plata,-38.0023,-57.5575,86.02,25,0,14.97,AR,2021-11-20 20:27:37
67,Taga,46.95,24.05,41.31,90,96,0.92,RO,2021-11-20 20:27:38
68,Butaritari,3.0707,172.7902,81.95,66,78,17.65,KI,2021-11-20 20:27:38
69,Pangnirtung,66.1451,-65.7125,17.6,79,75,3.44,CA,2021-11-20 20:27:38
70,Ahar,38.4774,47.0699,43.7,52,100,5.93,IR,2021-11-20 20:27:39
71,Barrow,71.2906,-156.7887,-0.38,78,20,6.91,US,2021-11-20 20:27:39
72,Hualmay,-11.0964,-77.6139,70.02,72,93,11.54,PE,2021-11-20 20:27:39
73,Ilulissat,69.2167,-51.1,23.02,74,75,4.61,GL,2021-11-20 20:27:40
74,Chuy,-33.6971,-53.4616,74.03,56,0,9.89,UY,2021-11-20 20:27:40
75,Dunedin,-45.8742,170.5036,58.17,68,97,1.83,NZ,2021-11-20 20:27:40
76,Likasi,-10.9814,26.7333,63.66,94,100,1.54,CD,2021-11-20 20:27:41
77,Mehamn,71.0357,27.8492,29.17,67,100,22.03,NO,2021-11-20 20:27:41
78,Talnakh,69.4865,88.3972,-18.96,92,24,9.31,RU,2021-11-20 20:27:41
79,Chapais,49.7834,-74.8492,29.98,75,100,11.3,CA,2021-11-20 20:27:42
80,Midland,31.9974,-102.0779,82.47,21,1,9.22,US,2021-11-20 20:24:18
81,Shingu,33.7333,135.9833,56.1,78,27,6.02,JP,2021-11-20 20:27:42
82,Vaini,-21.2,-175.2,82.56,89,20,4.61,TO,2021-11-20 20:27:42
83,Dickinson,29.4608,-95.0513,77.25,75,40,1.99,US,2021-11-20 20:23:21
84,Champerico,14.3,-91.9167,93.74,69,99,6.49,GT,2021-11-20 20:27:43
85,Haines Junction,60.7522,-137.5108,-29.25,68,98,0.0,CA,2021-11-20 20:27:43
86,Boddam,57.4667,-1.7833,44.38,75,52,29.59,GB,2021-11-20 20:27:44
87,Sharjah,25.3573,55.4033,77.02,59,0,4.61,AE,2021-11-20 20:23:14
88,Roebourne,-20.7833,117.1333,79.75,50,97,7.0,AU,2021-11-20 20:27:44
89,Kruisfontein,-34.0033,24.7314,61.88,77,100,14.32,ZA,2021-11-20 20:27:44
90,Muros,42.7762,-9.0603,59.85,90,65,4.21,ES,2021-11-20 20:27:45
91,Constitucion,-35.3333,-72.4167,64.6,68,18,9.64,CL,2021-11-20 20:27:45
92,Cockburn Town,21.4612,-71.1419,80.56,74,75,9.22,TC,2021-11-20 20:27:46
93,Half Moon Bay,37.4636,-122.4286,68.88,56,1,4.0,US,2021-11-20 20:27:46
94,Tuatapere,-46.1333,167.6833,52.74,91,100,2.53,NZ,2021-11-20 20:27:46
95,Nogales,31.3086,-110.9422,77.18,16,1,9.22,MX,2021-11-20 20:28:47
96,Caldwell,43.6629,-116.6874,48.96,66,1,9.22,US,2021-11-20 20:25:41
97,Narsaq,60.9167,-46.05,34.02,100,100,3.49,GL,2021-11-20 20:28:47
98,Smithers,54.7804,-127.1743,30.52,100,90,2.3,CA,2021-11-20 20:28:47
99,Udomlya,57.8794,34.9925,32.9,96,100,11.95,RU,2021-11-20 20:28:48
100,Nanortalik,60.1432,-45.2371,37.81,99,100,8.25,GL,2021-11-20 20:28:48
101,Gizo,-8.103,156.8419,81.55,72,14,2.64,SB,2021-11-20 20:28:48
102,Moron,-34.6534,-58.6198,91.94,51,2,5.01,AR,2021-11-20 20:28:49
103,Avarua,-21.2078,-159.775,78.85,65,20,12.66,CK,2021-11-20 20:28:49
104,Carnarvon,-24.8667,113.6333,69.87,88,75,13.8,AU,2021-11-20 20:28:49
105,Awbari,26.5921,12.7805,67.17,40,100,10.45,LY,2021-11-20 20:28:50
106,Kodiak,57.79,-152.4072,36.91,65,90,26.46,US,2021-11-20 20:28:50
107,Hermanus,-34.4187,19.2345,67.89,74,100,19.95,ZA,2021-11-20 20:28:50
108,Castro,-24.7911,-50.0119,68.85,71,96,5.28,BR,2021-11-20 20:28:51
109,Soyo,-6.1349,12.3689,78.73,84,96,6.02,AO,2021-11-20 20:28:51
110,Puerto Escondido,15.85,-97.0667,83.23,74,20,8.05,MX,2021-11-20 20:28:51
111,Sao Borja,-28.6606,-56.0044,88.95,23,0,8.88,BR,2021-11-20 20:28:52
112,Binga,-17.6203,27.3414,75.2,71,100,2.15,ZW,2021-11-20 20:28:52
113,Anadyr,64.75,177.4833,-12.5,75,0,8.01,RU,2021-11-20 20:28:52
114,Limulunga,-15.0969,23.1376,72.43,71,76,5.59,ZM,2021-11-20 20:28:53
115,San Ramon,37.7799,-121.978,67.39,51,1,1.99,US,2021-11-20 20:28:53
116,Nacala,-14.5428,40.6728,77.09,85,5,6.96,MZ,2021-11-20 20:28:53
117,Dikson,73.5069,80.5464,-8.81,87,65,15.9,RU,2021-11-20 20:28:54
118,Damara,4.9608,18.7035,78.82,54,100,2.08,CF,2021-11-20 20:28:54
119,Atuona,-9.8,-139.0333,79.27,71,2,14.56,PF,2021-11-20 20:25:59
120,Grindavik,63.8424,-22.4338,30.67,80,75,5.75,IS,2021-11-20 20:28:55
121,Yar-Sale,66.8333,70.8333,7.05,94,100,17.49,RU,2021-11-20 20:28:55
122,Gat,31.61,34.7642,60.4,72,99,1.88,IL,2021-11-20 20:28:01
123,Dauphin,51.1494,-100.0502,32.14,74,90,5.75,CA,2021-11-20 20:28:51
124,Sovetskaya Gavan,48.9723,140.2878,21.67,64,0,5.53,RU,2021-11-20 20:28:56
125,Orthez,43.4884,-0.7724,51.73,67,100,2.24,FR,2021-11-20 20:28:56
126,Ribeira Grande,38.5167,-28.7,66.6,77,75,27.63,PT,2021-11-20 20:28:56
127,Khasan,42.4308,130.6434,35.47,68,100,6.69,RU,2021-11-20 20:28:57
128,Pindiga,9.9833,10.9333,81.41,19,22,5.61,NG,2021-11-20 20:28:57
129,Burnie,-41.0667,145.9167,52.95,76,92,3.74,AU,2021-11-20 20:28:57
130,Acarau,-2.8856,-40.12,83.59,69,80,19.13,BR,2021-11-20 20:28:58
131,San Patricio,28.017,-97.5169,82.35,61,88,12.12,US,2021-11-20 20:28:58
132,Menongue,-14.6585,17.691,63.37,88,100,4.41,AO,2021-11-20 20:28:58
133,Aasiaat,68.7098,-52.8699,25.43,66,100,6.87,GL,2021-11-20 20:28:59
134,Praxedis Guerrero,31.3667,-106.0167,74.28,25,59,7.45,MX,2021-11-20 20:28:59
135,Jumla,29.2747,82.1838,42.62,68,0,3.85,NP,2021-11-20 20:29:00
136,Greenville,35.6127,-77.3663,59.16,48,1,3.44,US,2021-11-20 20:25:29
137,Catuday,16.2923,119.8062,79.09,74,100,4.76,PH,2021-11-20 20:29:00
138,Souillac,-20.5167,57.5167,76.35,73,75,10.36,MU,2021-11-20 20:30:00
139,Bathsheba,13.2167,-59.5167,84.81,61,20,17.27,BB,2021-11-20 20:30:01
140,Umm Lajj,25.0213,37.2685,74.5,52,6,7.67,SA,2021-11-20 20:30:01
141,Tahe,52.3333,124.7333,7.11,97,100,0.45,CN,2021-11-20 20:30:01
142,Saskylakh,71.9167,114.0833,-26.73,100,92,5.1,RU,2021-11-20 20:30:02
143,Cairns,-16.9167,145.7667,72.07,90,2,2.3,AU,2021-11-20 20:30:02
144,Pevek,69.7008,170.3133,-11.27,99,64,3.67,RU,2021-11-20 20:30:03
145,Faanui,-16.4833,-151.75,80.91,74,88,18.25,PF,2021-11-20 20:30:03
146,Motygino,58.1831,94.7592,4.14,98,100,2.46,RU,2021-11-20 20:30:03
147,Leningradskiy,69.3833,178.4167,-9.36,86,20,3.69,RU,2021-11-20 20:30:04
148,Porto Novo,6.4965,2.6036,84.02,82,44,7.81,BJ,2021-11-20 20:30:05
149,Lasa,46.6166,10.7002,45.48,53,18,1.74,IT,2021-11-20 20:30:05
150,Airai,-8.9266,125.4092,61.86,88,24,1.86,TL,2021-11-20 20:30:06
151,Kahului,20.8947,-156.47,83.46,70,20,9.22,US,2021-11-20 20:30:06
152,Kaeo,-35.1,173.7833,67.32,89,71,6.87,NZ,2021-11-20 20:30:06
153,Meulaboh,4.1363,96.1285,76.82,87,94,3.49,ID,2021-11-20 20:30:07
154,Bonavista,48.6499,-53.1147,38.12,75,31,8.72,CA,2021-11-20 20:30:07
155,Qasigiannguit,68.8193,-51.1922,23.25,95,100,10.63,GL,2021-11-20 20:30:08
156,Harunabad,29.6133,73.1389,63.9,21,0,4.59,PK,2021-11-20 20:30:08
157,Aswan,24.0934,32.907,69.1,34,0,5.75,EG,2021-11-20 20:30:09
158,Lavrentiya,65.5833,-171.0,-0.9,80,1,6.08,RU,2021-11-20 20:30:09
159,Clyde River,70.4692,-68.5914,5.23,92,20,19.57,CA,2021-11-20 20:30:10
160,Veraval,20.9,70.3667,80.28,63,67,12.66,IN,2021-11-20 20:30:10
161,Port Elizabeth,-33.918,25.5701,64.69,72,75,14.97,ZA,2021-11-20 20:30:10
162,Sistranda,63.7256,8.834,41.9,65,99,18.3,NO,2021-11-20 20:30:11
163,Alofi,-19.0595,-169.9187,82.29,74,40,9.22,NU,2021-11-20 20:30:11
164,Saint-Philippe,-21.3585,55.7679,74.75,74,14,7.09,RE,2021-11-20 20:30:11
165,Sibu,2.3,111.8167,77.31,94,40,0.0,MY,2021-11-20 20:30:12
166,Wilmington,34.2257,-77.9447,62.98,64,85,9.95,US,2021-11-20 20:26:39
167,Fort Nelson,58.8053,-122.7002,-8.01,84,20,0.0,CA,2021-11-20 20:30:12
168,Isernia,41.6002,14.2382,49.42,74,17,0.96,IT,2021-11-20 20:30:13
169,Saint George,37.1041,-113.5841,68.63,25,1,1.99,US,2021-11-20 20:26:44
170,Bestobe,52.4994,73.0975,16.12,69,97,10.42,KZ,2021-11-20 20:30:13
171,Aklavik,68.2191,-135.0107,5.0,85,90,2.3,CA,2021-11-20 20:30:14
172,Bereznik,62.8551,42.7072,21.09,98,93,3.33,RU,2021-11-20 20:30:14
173,Esperance,-33.8667,121.9,55.24,79,0,15.95,AU,2021-11-20 20:30:14
174,Asheville,35.6009,-82.554,56.61,33,1,1.01,US,2021-11-20 20:27:47
175,Takoradi,4.8845,-1.7554,80.82,85,32,7.36,GH,2021-11-20 20:30:15
176,Bambous Virieux,-20.3428,57.7575,76.21,73,75,10.36,MU,2021-11-20 20:30:15
177,Suleja,9.1758,7.1808,77.99,40,24,3.0,NG,2021-11-20 20:30:15
178,Yamethin,20.4333,96.15,69.64,78,9,2.73,MM,2021-11-20 20:30:16
179,Tilichiki,60.4667,166.1,0.36,96,64,10.67,RU,2021-11-20 20:30:16
180,Kandrian,-6.2167,149.55,79.05,82,100,5.12,PG,2021-11-20 20:30:16
181,Newcastle,-32.9272,151.7765,63.18,97,90,4.0,AU,2021-11-20 20:26:38
182,Hofn,64.2539,-15.2082,32.59,55,79,15.01,IS,2021-11-20 20:30:17
183,Vao,-22.6667,167.4833,71.62,85,94,24.76,NC,2021-11-20 20:30:17
184,Lauro Muller,-28.3928,-49.3967,67.23,72,21,3.49,BR,2021-11-20 20:31:18
185,Brandon,27.9378,-82.2859,76.95,83,90,1.99,US,2021-11-20 20:27:18
186,Tabou,4.423,-7.3528,80.11,85,5,7.09,CI,2021-11-20 20:31:18
187,Port Augusta,-32.5,137.7667,55.54,72,0,17.07,AU,2021-11-20 20:31:18
188,Horsham,51.064,-0.3272,50.65,85,75,4.61,GB,2021-11-20 20:31:19
189,Vallenar,-28.5708,-70.7581,80.87,25,0,7.96,CL,2021-11-20 20:31:19
190,Kavieng,-2.5744,150.7967,82.31,76,23,7.11,PG,2021-11-20 20:31:20
191,East London,-33.0153,27.9116,64.31,80,100,12.73,ZA,2021-11-20 20:31:20
192,Tiksi,71.6872,128.8694,-13.94,97,92,6.96,RU,2021-11-20 20:31:21
193,Niquelandia,-14.4739,-48.4597,79.14,80,99,3.56,BR,2021-11-20 20:28:35
194,Chara,56.9064,118.2631,0.57,98,100,0.65,RU,2021-11-20 20:31:21
195,Nemuro,43.3236,145.575,37.85,72,100,9.78,JP,2021-11-20 20:31:21
196,Seydi,39.4816,62.9137,42.13,59,85,7.81,TM,2021-11-20 20:31:22
197,Chokurdakh,70.6333,147.9167,-13.59,100,94,5.44,RU,2021-11-20 20:31:22
198,Bud,39.447,-86.1758,51.89,49,85,9.31,US,2021-11-20 20:31:22
199,Jibuti,11.5,42.5,74.62,64,80,9.82,DJ,2021-11-20 20:31:23
200,Lakatoro,-16.0999,167.4164,80.35,73,100,3.78,VU,2021-11-20 20:31:23
201,Nome,64.5011,-165.4064,0.16,61,1,0.0,US,2021-11-20 20:31:20
202,Davenda,53.5556,119.317,8.91,90,100,3.15,RU,2021-11-20 20:31:24
203,Madang,-5.2246,145.7966,76.46,90,100,3.98,PG,2021-11-20 20:31:24
204,Severo-Kurilsk,50.6789,156.125,36.75,94,100,11.32,RU,2021-11-20 20:31:24
205,Yulara,-25.2406,130.9889,66.04,72,90,13.8,AU,2021-11-20 20:31:24
206,Pochutla,15.7432,-96.4661,91.22,55,0,7.94,MX,2021-11-20 20:31:25
207,Praia,14.9215,-23.5087,79.34,73,40,10.36,CV,2021-11-20 20:31:25
208,Pathein,16.7833,94.7333,74.84,89,68,4.9,MM,2021-11-20 20:31:25
209,High Level,58.5169,-117.136,5.11,72,1,2.3,CA,2021-11-20 20:31:26
210,Margate,51.3813,1.3862,50.04,80,100,1.01,GB,2021-11-20 20:31:26
211,Lagoa,39.05,-27.9833,65.03,75,100,24.65,PT,2021-11-20 20:31:26
212,Kavaratti,10.5669,72.642,80.55,78,74,15.12,IN,2021-11-20 20:31:27
213,Buala,-8.145,159.5921,81.9,72,90,2.17,SB,2021-11-20 20:31:27
214,Dubbo,-32.25,148.6167,60.93,100,100,5.75,AU,2021-11-20 20:31:27
215,Flinders,-34.5833,150.8552,60.21,94,100,4.0,AU,2021-11-20 20:31:28
216,Ulaangom,49.9811,92.0667,6.08,60,24,3.8,MN,2021-11-20 20:31:28
217,Laguna De Perlas,12.3429,-83.6712,78.19,87,100,14.74,NI,2021-11-20 20:31:28
218,Yenagoa,4.9247,6.2642,76.84,94,93,3.65,NG,2021-11-20 20:31:29
219,Havre-Saint-Pierre,50.2334,-63.5986,34.39,51,40,12.66,CA,2021-11-20 20:31:29
220,Acapulco,16.8634,-99.8901,85.82,74,20,8.05,MX,2021-11-20 20:31:29
221,Mosquera,4.7059,-74.2302,60.89,77,75,10.36,CO,2021-11-20 20:29:48
222,Primorsko,42.2667,27.7667,48.67,74,36,3.94,BG,2021-11-20 20:31:30
223,Hambantota,6.1241,81.1185,76.91,75,95,14.61,LK,2021-11-20 20:31:30
224,Geraldton,-28.7667,114.6,63.12,82,0,5.75,AU,2021-11-20 20:31:17
225,Samarai,-10.6167,150.6667,81.52,80,37,11.81,PG,2021-11-20 20:32:31
226,Oranjemund,-28.55,16.4333,60.22,94,22,7.9,NA,2021-11-20 20:32:31
227,Fortuna,40.5982,-124.1573,62.33,69,1,1.99,US,2021-11-20 20:32:31
228,Hailey,43.5196,-114.3153,46.9,78,20,10.36,US,2021-11-20 20:32:32
229,Kamenka,51.3223,42.7678,37.74,92,100,21.83,RU,2021-11-20 20:32:32
230,Kenai,60.5544,-151.2583,14.14,82,1,8.05,US,2021-11-20 20:32:32
231,Inirida,3.8653,-67.9239,73.56,98,100,2.33,CO,2021-11-20 20:32:33
232,Cap-Aux-Meules,47.3821,-61.8597,37.45,65,75,21.85,CA,2021-11-20 20:31:01
233,Narnaul,28.0444,76.1083,66.34,29,6,2.08,IN,2021-11-20 20:32:33
234,Russell,32.3502,-85.1999,67.28,41,1,5.75,US,2021-11-20 20:31:14
235,Zigong,29.3416,104.7769,55.6,83,100,2.62,CN,2021-11-20 20:32:34
236,Sabha,27.0377,14.4283,65.86,52,97,15.05,LY,2021-11-20 20:32:34
237,Ponta Do Sol,32.6667,-17.1,65.71,71,100,3.02,PT,2021-11-20 20:32:34
238,Villarrica,-25.75,-56.4333,79.66,52,38,4.88,PY,2021-11-20 20:32:35
239,Barpali,21.2,83.5833,73.6,84,10,3.83,IN,2021-11-20 20:32:35
240,Ondjiva,-17.0667,15.7333,74.88,56,82,12.57,AO,2021-11-20 20:32:35
241,Ferrol,43.4832,-8.2369,54.68,87,55,4.65,ES,2021-11-20 20:32:36
242,San Carlos De Bariloche,-41.1456,-71.3082,74.44,32,40,25.32,AR,2021-11-20 20:28:43
243,Leshukonskoye,64.8989,45.7622,26.58,97,100,5.5,RU,2021-11-20 20:32:36
244,Shieli,44.1667,66.75,33.1,45,100,10.25,KZ,2021-11-20 20:32:36
245,Phan Thiet,10.9333,108.1,75.2,89,87,4.47,VN,2021-11-20 20:32:37
246,Katsuura,35.1333,140.3,55.51,74,17,6.55,JP,2021-11-20 20:32:37
247,Port Macquarie,-31.4333,152.9167,66.16,95,100,4.23,AU,2021-11-20 20:32:37
248,Kikwit,-5.041,18.8162,70.32,96,97,0.69,CD,2021-11-20 20:32:38
249,Bandarbeyla,9.4942,50.8122,76.55,72,8,7.07,SO,2021-11-20 20:32:38
250,Korla,41.7597,86.1469,26.29,57,0,0.63,CN,2021-11-20 20:32:38
251,Freeport,40.6576,-73.5832,48.11,46,1,5.99,US,2021-11-20 20:30:35
252,Evensk,61.95,159.2333,11.08,76,19,13.0,RU,2021-11-20 20:32:39
253,Coquimbo,-29.9533,-71.3436,62.33,72,20,12.66,CL,2021-11-20 20:32:39
254,Ust-Kuyga,70.0167,135.6,-9.45,98,100,3.31,RU,2021-11-20 20:32:40
255,Honningsvag,70.9821,25.9704,31.75,59,99,26.84,NO,2021-11-20 20:32:40
256,Warrnambool,-38.3833,142.4833,53.55,75,4,8.95,AU,2021-11-20 20:31:16
257,Bilibino,68.0546,166.4372,-17.21,79,28,3.83,RU,2021-11-20 20:32:40
258,Namatanai,-3.6667,152.4333,79.2,83,78,4.38,PG,2021-11-20 20:32:41
259,Georgetown,5.4112,100.3354,80.53,88,20,0.0,MY,2021-11-20 20:31:30
260,Sao Filipe,14.8961,-24.4956,78.75,79,100,7.07,CV,2021-11-20 20:32:41
261,Kiunga,-6.1219,141.2906,73.99,99,100,0.72,PG,2021-11-20 20:32:41
262,Astana,51.1801,71.446,13.95,67,0,8.95,KZ,2021-11-20 20:32:42
263,Bogande,12.9714,-0.1436,83.14,12,0,9.62,BF,2021-11-20 20:32:42
264,Portarlington,53.1622,-7.1911,45.0,91,34,1.99,IE,2021-11-20 20:32:43
265,Mitsamiouli,-11.3847,43.2844,79.38,78,5,10.74,KM,2021-11-20 20:32:43
266,Mount Gambier,-37.8333,140.7667,42.71,93,0,0.0,AU,2021-11-20 20:32:43
267,Bogatyye Saby,56.0102,50.4483,31.23,97,100,15.9,RU,2021-11-20 20:32:44
268,Truro,50.2653,-5.0544,49.96,93,90,4.61,GB,2021-11-20 20:31:30
269,Mizan Teferi,6.9833,35.5833,64.08,72,99,2.42,ET,2021-11-20 20:32:44
270,Penco,-36.7333,-72.9833,65.25,68,0,10.36,CL,2021-11-20 20:30:02
271,Alice Springs,-23.7,133.8833,71.15,60,37,10.36,AU,2021-11-20 20:32:20
272,Avera,33.194,-82.5271,63.91,36,9,8.77,US,2021-11-20 20:32:45
273,Lae,-6.7221,146.9847,75.87,77,99,4.79,PG,2021-11-20 20:33:46
274,Cartagena Del Chaira,1.3349,-74.8429,88.45,48,92,2.66,CO,2021-11-20 20:33:46
275,Kincardine,56.0667,-3.7167,44.62,79,6,8.55,GB,2021-11-20 20:31:30
276,Parrsboro,45.4001,-64.332,39.52,48,5,1.99,CA,2021-11-20 20:33:47
277,Humaita,-7.5061,-63.0208,85.15,68,48,0.69,BR,2021-11-20 20:33:47
278,La Ronge,55.1001,-105.2842,17.85,86,90,9.22,CA,2021-11-20 20:31:31
279,Trincomalee,8.5711,81.2335,77.86,76,9,17.63,LK,2021-11-20 20:33:47
280,Ipil,7.75,122.5167,76.75,91,99,1.66,PH,2021-11-20 20:33:48
281,Mandalgovi,45.7625,106.2708,7.14,72,100,35.39,MN,2021-11-20 20:33:48
282,Longyearbyen,78.2186,15.6401,8.44,78,40,4.61,SJ,2021-11-20 20:33:48
283,Fort Wellington,6.4,-57.6,80.58,77,25,7.34,GY,2021-11-20 20:33:49
284,Yuci,37.6803,112.7319,38.95,30,0,20.13,CN,2021-11-20 20:33:49
285,Bida,9.0833,6.0167,81.77,30,2,2.91,NG,2021-11-20 20:33:49
286,Americus,32.0724,-84.2327,68.95,40,4,6.91,US,2021-11-20 20:33:50
287,Ust-Maya,60.4167,134.5333,-22.36,100,97,0.83,RU,2021-11-20 20:33:50
288,Mahebourg,-20.4081,57.7,76.24,73,75,10.36,MU,2021-11-20 20:33:51
289,Baherden,38.4362,57.4316,48.33,36,1,5.59,TM,2021-11-20 20:33:51
290,Cabo San Lucas,22.8909,-109.9124,85.51,54,20,8.01,MX,2021-11-20 20:28:53
291,Bahia Honda,22.9036,-83.1592,77.76,83,100,9.4,CU,2021-11-20 20:33:51
292,Richards Bay,-28.783,32.0377,67.14,68,100,3.69,ZA,2021-11-20 20:33:52
293,Tabas,33.5959,56.9244,51.58,24,5,2.42,IR,2021-11-20 20:33:52
294,Rawson,-43.3002,-65.1023,77.18,31,62,27.65,AR,2021-11-20 20:33:52
295,Taoudenni,22.6783,-3.9836,80.31,28,66,10.83,ML,2021-11-20 20:33:53
296,Uryupinsk,50.8047,42.0138,38.61,78,100,21.61,RU,2021-11-20 20:33:53
297,Nenjiang,49.1833,125.2167,4.08,96,15,2.44,CN,2021-11-20 20:33:53
298,Ouadda,8.0777,22.4007,73.58,35,12,5.03,CF,2021-11-20 20:33:54
299,Veinticinco De Mayo,-35.4323,-60.1727,92.05,31,0,8.01,AR,2021-11-20 20:33:54
300,Yagoua,10.3411,15.2329,82.26,20,0,6.11,CM,2021-11-20 20:33:55
301,Oranjestad,12.524,-70.027,84.15,74,40,16.11,AW,2021-11-20 20:33:55
302,Vengerovo,55.6848,76.7471,16.93,85,100,12.84,RU,2021-11-20 20:33:55
303,Katangli,51.7102,143.2326,21.25,79,91,15.08,RU,2021-11-20 20:33:56
304,Pacific Grove,36.6177,-121.9166,70.59,69,1,4.0,US,2021-11-20 20:33:08
305,Doha,25.2867,51.5333,78.78,61,0,10.36,QA,2021-11-20 20:33:56
306,Banjar,-8.19,114.9675,76.91,90,100,2.71,ID,2021-11-20 20:33:56
307,Asau,46.4333,26.4,44.96,62,34,6.4,RO,2021-11-20 20:33:57
308,Saldanha,-33.0117,17.9442,66.25,73,100,16.89,ZA,2021-11-20 20:33:57
309,Gornopravdinsk,60.05,69.9,24.8,91,100,11.23,RU,2021-11-20 20:33:57
310,Bengkulu,-3.8004,102.2655,75.27,90,37,4.38,ID,2021-11-20 20:33:58
311,Yaan,7.3833,8.5667,82.22,50,40,5.66,NG,2021-11-20 20:33:58
312,Aranos,-24.1333,19.1167,75.25,5,8,18.32,NA,2021-11-20 20:33:58
313,Polson,47.6936,-114.1632,36.79,97,86,4.63,US,2021-11-20 20:33:59
314,Bowen,-20.0167,148.2333,64.62,68,11,6.49,AU,2021-11-20 20:33:59
315,Tucupita,9.0622,-62.051,77.63,93,89,5.21,VE,2021-11-20 20:33:59
316,Chandbali,20.7833,86.7667,74.05,80,7,1.97,IN,2021-11-20 20:34:00
317,Pringsewu,-5.3582,104.9744,74.3,92,100,3.06,ID,2021-11-20 20:34:00
318,Pitimbu,-7.4706,-34.8086,82.99,74,100,9.95,BR,2021-11-20 20:34:00
319,Zhanaozen,43.3,52.8,43.18,80,61,6.44,KZ,2021-11-20 20:34:01
320,Aliwal North,-30.6937,26.7114,55.94,67,37,12.53,ZA,2021-11-20 20:35:01
321,Santa Rosalia,27.3167,-112.2833,76.98,35,89,6.35,MX,2021-11-20 20:35:01
322,Coruripe,-10.1256,-36.1756,79.39,76,11,14.18,BR,2021-11-20 20:35:02
323,Hasaki,35.7333,140.8333,46.8,59,21,6.06,JP,2021-11-20 20:35:02
324,Charleston,32.7766,-79.9309,63.32,70,90,4.0,US,2021-11-20 20:32:15
325,Sao Felix Do Xingu,-6.6447,-51.995,78.91,84,76,3.83,BR,2021-11-20 20:35:03
326,Valer,60.6785,11.8331,34.3,86,26,3.94,NO,2021-11-20 20:35:03
327,Krasnoselkup,65.7,82.4667,-2.67,90,100,20.98,RU,2021-11-20 20:35:03
328,Cassilandia,-19.1133,-51.7342,77.79,84,66,2.48,BR,2021-11-20 20:35:04
329,Turkan,40.3639,50.215,51.98,71,0,4.61,AZ,2021-11-20 20:35:04
330,Inhambane,-23.865,35.3833,74.19,75,100,11.45,MZ,2021-11-20 20:35:05
331,Aljezur,37.3191,-8.8033,58.37,88,48,3.65,PT,2021-11-20 20:35:05
332,San Quintin,30.4833,-115.95,65.44,71,100,11.45,MX,2021-11-20 20:33:52
333,Nyurba,63.2842,118.3319,-22.11,100,90,1.5,RU,2021-11-20 20:33:12
334,Uige,-7.6087,15.0613,67.17,97,94,0.6,AO,2021-11-20 20:35:06
335,Sirsilla,18.3833,78.8333,73.31,95,74,6.08,IN,2021-11-20 20:35:06
336,Dakoro,14.5106,6.765,83.07,16,100,10.42,NE,2021-11-20 20:35:06
337,Roald,62.5833,6.1333,41.14,81,40,10.36,NO,2021-11-20 20:35:07
338,Taruma,-22.7467,-50.5772,79.74,53,30,6.71,BR,2021-11-20 20:35:07
339,Torrington,41.8007,-73.1212,44.85,47,99,5.35,US,2021-11-20 20:35:07
340,Ambon,-3.6954,128.1814,75.34,94,20,4.61,ID,2021-11-20 20:35:08
341,Kaupanger,61.1845,7.2404,39.09,95,100,3.94,NO,2021-11-20 20:35:08
342,Lorengau,-2.0226,147.2712,82.31,69,75,2.84,PG,2021-11-20 20:35:08
343,Ambilobe,-13.2,49.05,74.62,81,31,3.53,MG,2021-11-20 20:35:09
344,Khrebtovaya,56.7032,104.2494,-7.6,99,31,3.29,RU,2021-11-20 20:35:09
345,Wagar,16.1525,36.2032,78.13,17,0,13.31,SD,2021-11-20 20:35:09
346,Kopong,-24.4833,25.8833,68.23,77,90,13.8,BW,2021-11-20 20:35:10
347,Cape Canaveral,28.4058,-80.6048,76.08,76,75,18.41,US,2021-11-20 20:35:10
348,Bourail,-21.5667,165.4833,74.84,72,100,5.3,NC,2021-11-20 20:35:10
349,Kisangani,0.5167,25.2,70.7,97,73,2.3,CD,2021-11-20 20:35:11
350,Guerrero Negro,27.9769,-114.0611,69.46,62,100,12.17,MX,2021-11-20 20:35:11
351,Bafoulabe,13.8065,-10.8321,87.03,15,14,5.46,ML,2021-11-20 20:35:11
352,Pemangkat,1.1667,108.9667,78.28,86,100,5.28,ID,2021-11-20 20:35:12
353,Shobara,34.85,133.0167,39.9,94,14,0.92,JP,2021-11-20 20:35:12
354,Thomaston,32.8882,-84.3266,63.09,46,1,4.0,US,2021-11-20 20:35:12
355,Steamboat Springs,40.485,-106.8317,40.71,92,90,0.0,US,2021-11-20 20:35:13
356,Bereda,43.2686,-7.5406,48.0,92,43,1.05,ES,2021-11-20 20:35:13
357,Touros,-5.1989,-35.4608,83.3,75,96,12.3,BR,2021-11-20 20:35:13
358,Camacha,33.0833,-16.3333,62.02,63,20,0.0,PT,2021-11-20 20:35:14
359,Port Hedland,-20.3167,118.5667,78.85,73,100,6.91,AU,2021-11-20 20:35:14
360,Provideniya,64.3833,-173.3,6.89,69,7,5.93,RU,2021-11-20 20:35:15
361,Vardo,70.3705,31.1107,31.32,70,98,29.84,NO,2021-11-20 20:35:15
362,Bay City,43.5945,-83.8889,41.0,69,90,9.22,US,2021-11-20 20:35:15
363,Zaraza,9.3503,-65.3245,84.74,61,100,7.16,VE,2021-11-20 20:35:16
364,Boa Vista,2.8197,-60.6733,84.18,61,75,12.66,BR,2021-11-20 20:35:16
365,Florianopolis,-27.6146,-48.5012,69.13,56,75,9.22,BR,2021-11-20 20:34:01
366,Pangody,65.85,74.4859,2.62,93,100,18.34,RU,2021-11-20 20:36:16
367,Husavik,66.0449,-17.3389,15.71,87,100,9.93,IS,2021-11-20 20:36:17
368,Butterworth,5.3991,100.3638,80.64,88,20,0.0,MY,2021-11-20 20:36:17
369,Chaumont,48.1167,5.1333,41.29,83,0,4.74,FR,2021-11-20 20:36:17
370,Boditi,6.9667,37.8667,60.21,46,23,2.19,ET,2021-11-20 20:36:18
371,Alihe,50.5667,123.7167,9.05,98,79,0.83,CN,2021-11-20 20:36:18
372,Ketchikan,55.3422,-131.6461,36.07,93,90,6.91,US,2021-11-20 20:36:18
373,Saint-Pierre,-21.3393,55.4781,74.84,72,0,5.75,RE,2021-11-20 20:36:19
374,Amfissa,38.525,22.3731,54.34,74,4,5.99,GR,2021-11-20 20:36:19
375,Terrace,54.5163,-128.6035,42.71,93,90,13.8,CA,2021-11-20 20:31:30
376,Brus Laguna,15.75,-84.4833,82.56,67,94,5.59,HN,2021-11-20 20:36:20
377,Ostersund,63.1792,14.6357,34.25,86,40,16.11,SE,2021-11-20 20:36:20
378,Tuburan,6.6439,122.2736,83.12,75,100,3.29,PH,2021-11-20 20:36:20
379,Kozmodemyansk,56.3367,46.5711,31.03,99,100,3.09,RU,2021-11-20 20:36:21
380,Labuhan,-6.8844,112.2051,78.15,86,100,4.23,ID,2021-11-20 20:36:21
381,Tessalit,20.1986,1.0114,77.07,25,92,12.53,ML,2021-11-20 20:36:21
382,Gopalpur,19.2667,84.9167,77.22,90,52,4.83,IN,2021-11-20 20:36:22
383,Ayr,55.4627,-4.6339,44.58,81,20,5.75,GB,2021-11-20 20:36:22
384,Calvinia,-31.4707,19.776,69.01,25,100,5.17,ZA,2021-11-20 20:36:22
385,Saint-Joseph,-21.3667,55.6167,73.76,74,8,3.53,RE,2021-11-20 20:36:23
386,Lubango,-14.9172,13.4925,63.88,85,100,4.41,AO,2021-11-20 20:36:23
387,Altay,47.8667,88.1167,8.56,57,1,7.07,CN,2021-11-20 20:33:20
388,Thyolo,-16.0678,35.1405,71.71,59,83,7.36,MW,2021-11-20 20:36:24
389,Grimshaw,56.1834,-117.6027,5.7,72,40,9.22,CA,2021-11-20 20:36:24
390,Sao Joao Da Barra,-21.6403,-41.0511,73.49,89,100,15.59,BR,2021-11-20 20:36:24
391,Eureka,40.8021,-124.1637,62.58,69,0,4.0,US,2021-11-20 20:36:24
392,Seoul,37.5683,126.9778,45.84,87,75,1.14,KR,2021-11-20 20:32:11
393,Cayenne,4.9333,-52.3333,82.44,82,0,3.44,GF,2021-11-20 20:36:25
394,Kholodnyy,62.7167,147.95,-15.32,100,100,3.47,RU,2021-11-20 20:36:25
395,Havelock,34.8791,-76.9013,61.05,68,1,5.99,US,2021-11-20 20:36:26
396,Harindanga,22.0383,88.3214,75.18,59,17,3.22,IN,2021-11-20 20:36:26
397,Venice,27.0998,-82.4543,78.98,81,90,16.11,US,2021-11-20 20:36:12
398,Bilma,18.6853,12.9164,79.05,21,13,4.21,NE,2021-11-20 20:36:26
399,Vilyuysk,63.7553,121.6247,-14.6,99,95,1.72,RU,2021-11-20 20:36:27
400,Poso,-1.3959,120.7524,76.98,87,92,5.3,ID,2021-11-20 20:36:27
401,Buraydah,26.326,43.975,61.25,26,3,8.48,SA,2021-11-20 20:36:27
402,Gushikawa,26.3544,127.8686,74.43,73,20,10.36,JP,2021-11-20 20:36:28
403,Nikolaevo,42.6333,25.8,46.24,81,0,3.96,BG,2021-11-20 20:36:28
404,Warmbad,-28.45,18.7333,73.29,26,0,13.15,NA,2021-11-20 20:36:28
405,Qaqortoq,60.7167,-46.0333,34.3,100,100,4.23,GL,2021-11-20 20:36:29
406,Egham,51.4316,-0.5524,51.06,83,90,5.75,GB,2021-11-20 20:36:29
407,Solano,38.2333,-121.9511,69.69,41,1,5.75,US,2021-11-20 20:36:29
408,Qui Nhon,13.7667,109.2333,74.41,84,100,5.97,VN,2021-11-20 20:36:30
409,Gambela,8.25,34.5833,80.08,46,81,3.0,ET,2021-11-20 20:36:30
410,Huangchuan,32.1272,115.0394,52.39,82,100,8.63,CN,2021-11-20 20:36:30
411,Astara,38.5,48.6667,39.9,69,59,3.38,AZ,2021-11-20 20:36:31
412,Tres Picos,15.8667,-93.5333,87.75,54,13,5.93,MX,2021-11-20 20:37:31
413,Black River,18.0264,-77.8487,84.97,60,100,3.27,JM,2021-11-20 20:37:31
414,Fairbanks,64.8378,-147.7164,-14.4,71,1,0.0,US,2021-11-20 20:34:07
415,Vila Velha,-20.3297,-40.2925,73.35,95,90,8.99,BR,2021-11-20 20:36:03
416,Juneau,58.3019,-134.4197,25.21,83,90,5.75,US,2021-11-20 20:37:32
417,Aba,5.1066,7.3667,76.78,92,97,5.61,NG,2021-11-20 20:37:32
418,Fukue,32.6881,128.8419,65.61,57,100,8.63,JP,2021-11-20 20:37:33
419,Weligama,5.9667,80.4167,76.35,79,90,10.31,LK,2021-11-20 20:37:33
420,Ambanja,-13.6833,48.45,74.86,88,100,1.63,MG,2021-11-20 20:37:33
421,Huarmey,-10.0681,-78.1522,69.44,75,70,11.03,PE,2021-11-20 20:37:34
422,Itarema,-2.9248,-39.9167,81.57,75,63,16.84,BR,2021-11-20 20:37:34
423,Rusape,-18.5278,32.1284,62.76,86,79,1.5,ZW,2021-11-20 20:37:34
424,Dabola,10.75,-11.1167,74.8,42,4,2.57,GN,2021-11-20 20:37:35
425,Howell,42.6073,-83.9294,39.9,84,90,5.75,US,2021-11-20 20:37:35
426,Griffith,41.5284,-87.4237,53.28,54,1,1.99,US,2021-11-20 20:33:06
427,Kirakira,-10.4544,161.9205,81.64,75,19,2.48,SB,2021-11-20 20:37:35
428,El Tarra,8.5756,-73.0949,87.33,58,29,3.83,CO,2021-11-20 20:37:36
429,Hauterive,46.0901,3.4459,39.02,85,0,2.89,FR,2021-11-20 20:37:36
430,Pekan,3.4836,103.3996,77.11,91,99,4.92,MY,2021-11-20 20:37:36
431,Filadelfia,39.9523,-75.1638,48.56,55,75,3.0,US,2021-11-20 20:37:11
432,Korsakovo,53.2677,37.3569,33.53,84,90,17.29,RU,2021-11-20 20:37:37
433,Vestmanna,62.1564,-7.1664,38.32,75,75,29.93,FO,2021-11-20 20:37:37
434,Ayagoz,47.9714,80.4392,1.6,84,12,7.02,KZ,2021-11-20 20:37:38
435,Zovaber,40.5669,44.7883,28.58,87,72,4.76,AM,2021-11-20 20:37:38
436,Sur,22.5667,59.5289,74.03,57,1,8.01,OM,2021-11-20 20:37:38
437,Nishihara,26.1842,127.7558,74.48,69,75,9.22,JP,2021-11-20 20:37:39
438,Christchurch,-43.5333,172.6333,66.33,50,90,3.0,NZ,2021-11-20 20:37:39
439,Kilindoni,-7.9139,39.6668,80.53,68,38,14.65,TZ,2021-11-20 20:37:40
440,Cidreira,-30.1811,-50.2056,67.87,66,0,13.4,BR,2021-11-20 20:37:40
441,Lata,40.1629,-8.3327,58.06,85,94,4.76,PT,2021-11-20 20:37:40
442,Beloha,-25.1667,45.05,72.03,82,63,6.69,MG,2021-11-20 20:37:41
443,Rocha,-34.4833,-54.3333,69.24,54,0,8.23,UY,2021-11-20 20:37:41
444,Luganville,-15.5333,167.1667,79.3,78,100,2.3,VU,2021-11-20 20:37:41
445,Longford,53.7333,-7.8,41.31,91,6,6.17,IE,2021-11-20 20:37:42
446,Ahuimanu,21.4447,-157.8378,83.91,61,40,9.22,US,2021-11-20 20:37:42
447,Iquitos,-3.7481,-73.2472,87.84,66,75,6.91,PE,2021-11-20 20:37:42
448,Riyadh,24.6877,46.7219,75.34,32,42,8.34,SA,2021-11-20 20:37:06
449,Dolores,-36.3132,-57.6792,84.27,27,1,7.25,AR,2021-11-20 20:37:43
450,Portland,45.5234,-122.6762,54.21,75,75,1.01,US,2021-11-20 20:34:44
451,Alta Floresta,-9.8756,-56.0861,89.42,51,20,4.61,BR,2021-11-20 20:37:43
452,Sao Jose Da Coroa Grande,-8.8978,-35.1478,79.43,77,16,11.23,BR,2021-11-20 20:37:44
453,Road Town,18.4167,-64.6167,82.49,74,40,10.36,VG,2021-11-20 20:33:14
454,Danilovka,50.3557,44.1168,38.52,95,100,20.78,RU,2021-11-20 20:37:44
455,Karratha,-20.7377,116.8463,78.93,56,99,9.1,AU,2021-11-20 20:37:45
456,Warwick,41.7001,-71.4162,45.77,48,40,6.91,US,2021-11-20 20:37:45
457,Sorong,-0.8833,131.25,79.63,83,100,3.91,ID,2021-11-20 20:37:46
458,Padre Bernardo,-15.35,-48.5,74.57,83,100,1.39,BR,2021-11-20 20:37:47
459,Mayo,38.8876,-76.5119,49.33,56,1,4.0,US,2021-11-20 20:37:47
460,Hanzhong,33.0728,107.0303,45.5,60,100,3.33,CN,2021-11-20 20:38:47
461,Tautira,-17.7333,-149.15,82.42,67,15,14.0,PF,2021-11-20 20:38:48
462,Great Yarmouth,52.6083,1.7305,50.25,81,50,14.0,GB,2021-11-20 20:37:15
463,Arman,59.7,150.1667,21.02,78,100,11.74,RU,2021-11-20 20:38:48
464,Luba,3.4568,8.5547,80.37,83,99,6.31,GQ,2021-11-20 20:38:48
465,Longido,-2.7333,36.6833,68.27,77,19,12.01,TZ,2021-11-20 20:38:49
466,Ostrovnoy,68.0531,39.5131,30.0,86,100,4.5,RU,2021-11-20 20:38:49
467,Dingle,10.9995,122.6711,75.56,91,92,4.65,PH,2021-11-20 20:38:49
468,Kaniama,-7.5667,24.1833,64.65,98,100,3.69,CD,2021-11-20 20:38:50
469,Eenhana,-17.4667,16.3333,75.31,56,65,13.27,NA,2021-11-20 20:38:50
470,Camana,-16.6228,-72.7111,68.07,77,100,8.57,PE,2021-11-20 20:38:50
471,Huejuquilla El Alto,22.6,-103.8667,73.99,28,1,3.42,MX,2021-11-20 20:38:51
472,Alexandria,31.2156,29.9553,63.14,88,40,6.91,EG,2021-11-20 20:37:57
473,Abu Dhabi,24.4667,54.3667,77.02,69,0,4.61,AE,2021-11-20 20:38:51
474,Manokwari,-0.8667,134.0833,78.64,81,100,2.57,ID,2021-11-20 20:38:52
475,Taltal,-25.4,-70.4833,66.54,62,100,5.91,CL,2021-11-20 20:38:52
476,Lardos,36.0942,28.0157,61.95,55,0,4.76,GR,2021-11-20 20:38:52
477,Okhotsk,59.3833,143.3,6.75,79,95,19.24,RU,2021-11-20 20:38:53
478,Surt,31.2089,16.5887,66.49,70,20,6.87,LY,2021-11-20 20:37:38
479,Laguna,38.421,-121.4238,70.14,61,1,1.99,US,2021-11-20 20:38:53
480,Sechura,-5.5569,-80.8222,76.06,56,70,17.56,PE,2021-11-20 20:38:53
481,Bairnsdale,-37.8333,147.6167,54.7,82,14,2.57,AU,2021-11-20 20:38:54
482,Hokitika,-42.7167,170.9667,54.77,79,100,11.34,NZ,2021-11-20 20:38:54
483,Stity,49.9612,16.7658,45.59,87,100,3.6,CZ,2021-11-20 20:38:54
484,Nijar,36.9665,-2.206,57.65,82,75,8.05,ES,2021-11-20 20:38:55
485,Inzer,54.2167,57.5556,27.32,92,100,8.16,RU,2021-11-20 20:38:55
486,Turukhansk,65.8167,87.9833,-11.54,83,83,17.65,RU,2021-11-20 20:38:55
487,Anzhero-Sudzhensk,56.081,86.0285,15.46,88,100,12.82,RU,2021-11-20 20:38:56
488,Olafsvik,64.8945,-23.7142,35.87,65,100,8.41,IS,2021-11-20 20:38:56
489,Teguldet,57.3064,88.1667,15.19,91,100,8.97,RU,2021-11-20 20:38:57
490,Maceio,-9.6658,-35.7353,80.04,78,75,11.5,BR,2021-11-20 20:33:57
491,Udachnyy,66.4167,112.4,-28.39,99,30,4.52,RU,2021-11-20 20:38:57
492,La Asuncion,11.0333,-63.8628,85.73,70,100,16.11,VE,2021-11-20 20:35:00
493,Poum,-20.2333,164.0167,76.24,74,86,15.23,NC,2021-11-20 20:38:58
494,Aykhal,66.0,111.5,-19.48,100,57,5.57,RU,2021-11-20 20:38:58
495,Wanxian,30.8039,108.3897,57.81,93,100,1.92,CN,2021-11-20 20:38:58
496,Guiratinga,-16.3494,-53.7583,73.9,92,100,3.02,BR,2021-11-20 20:38:59
497,Mgandu,-5.95,34.1333,73.6,31,98,10.04,TZ,2021-11-20 20:38:59
498,Kieta,-6.2167,155.6333,81.07,79,92,1.72,PG,2021-11-20 20:38:59
499,Pabrade,55.0,25.7833,41.43,91,100,10.36,LT,2021-11-20 20:39:00
500,Manzanillo,20.3433,-77.1167,85.28,56,98,2.13,CU,2021-11-20 20:39:00
501,Ciudad Bolivar,8.1222,-63.5497,88.45,49,87,10.16,VE,2021-11-20 20:39:00
502,Atar,20.5169,-13.0499,84.36,21,100,4.5,MR,2021-11-20 20:39:01
503,Yevlax,40.6089,47.1492,37.62,64,28,14.0,AZ,2021-11-20 20:39:01
504,Maniitsoq,65.4167,-52.9,33.33,88,100,29.68,GL,2021-11-20 20:39:01
505,Namibe,-15.1961,12.1522,67.35,80,19,5.77,AO,2021-11-20 20:39:02
506,Shizunai,42.3339,142.3669,38.89,68,39,5.79,JP,2021-11-20 20:40:02
507,Baykit,61.67,96.37,-20.49,100,96,2.8,RU,2021-11-20 20:40:02
508,Puerto Parra,6.6515,-74.0573,87.46,62,64,2.26,CO,2021-11-20 20:40:03
509,Mnogovershinnyy,53.9353,139.9242,7.95,97,82,5.44,RU,2021-11-20 20:40:03
510,Borovskoy,53.8,64.15,20.39,82,100,16.08,KZ,2021-11-20 20:40:03
511,Grand Gaube,-20.0064,57.6608,76.37,68,0,3.0,MU,2021-11-20 20:40:04
512,Krasnaya Gora,52.9995,31.6023,35.51,81,76,14.56,RU,2021-11-20 20:40:04
513,Padang,-0.9492,100.3543,78.62,83,98,2.8,ID,2021-11-20 20:40:00
514,Isla Vista,34.4133,-119.861,79.07,59,75,4.61,US,2021-11-20 20:40:04
515,Shache,38.4167,77.2406,29.88,43,0,3.56,CN,2021-11-20 20:40:05
516,Kolondieba,11.0882,-6.8926,79.97,21,7,3.02,ML,2021-11-20 20:40:05
517,Obuasi,6.206,-1.6619,74.77,92,15,2.59,GH,2021-11-20 20:40:05
518,Maua,-23.6678,-46.4614,65.35,91,100,8.05,BR,2021-11-20 20:40:06
519,Baixa Grande,-11.9597,-40.1681,81.84,51,100,3.98,BR,2021-11-20 20:40:06
520,Ballina,-28.8667,153.5667,68.77,100,90,1.14,AU,2021-11-20 20:40:06
521,Benguela,-12.5763,13.4055,76.57,78,100,4.83,AO,2021-11-20 20:40:07
522,Shitanjing,39.2342,106.3439,18.93,49,28,35.68,CN,2021-11-20 20:40:07
523,Vestmannaeyjar,63.4427,-20.2734,33.67,65,95,17.56,IS,2021-11-20 20:40:07
524,Sibolga,1.7427,98.7792,77.31,87,99,2.35,ID,2021-11-20 20:40:08
525,Tual,-5.6667,132.75,84.04,75,100,7.05,ID,2021-11-20 20:40:08
526,Bubaque,11.2833,-15.8333,84.0,69,26,12.03,GW,2021-11-20 20:40:08
527,Hasanpur,28.7167,78.2833,65.12,33,0,7.45,IN,2021-11-20 20:40:09
528,Poronaysk,49.2167,143.1167,24.98,67,0,7.83,RU,2021-11-20 20:40:09
529,Saint Anthony,45.0205,-93.218,45.55,48,1,3.0,US,2021-11-20 20:40:09
530,Kortkeros,61.8106,51.5806,28.4,96,100,6.46,RU,2021-11-20 20:40:10
531,Necochea,-38.5473,-58.7368,91.04,26,6,10.31,AR,2021-11-20 20:40:10
532,Killybegs,54.6333,-8.45,47.91,68,12,20.29,IE,2021-11-20 20:40:10
533,Kalmunai,7.4167,81.8167,77.72,86,54,4.88,LK,2021-11-20 20:40:11
534,Pedernales,18.0384,-71.744,82.83,65,44,4.85,DO,2021-11-20 20:40:11
535,Los Cedrales,-25.65,-54.7,90.12,38,6,2.77,PY,2021-11-20 20:40:12
536,Puerto Del Rosario,28.5004,-13.8627,65.88,72,20,4.61,ES,2021-11-20 20:40:12
537,Sitka,57.0531,-135.33,35.49,75,90,25.32,US,2021-11-20 20:40:12
538,Ruwi,23.5996,58.5507,73.09,55,3,3.51,OM,2021-11-20 20:40:13
539,Bagdarin,54.4333,113.6,2.93,97,100,2.89,RU,2021-11-20 20:40:13
540,Bonthe,7.5264,-12.505,80.78,82,31,6.04,SL,2021-11-20 20:40:13
541,Puerto Colombia,10.9878,-74.9547,87.89,75,42,12.1,CO,2021-11-20 20:40:14
